RK,SQUAD,MP,W,D,L,GF,GA,GD,PTS,PTS/MP,XG,XGA,XGD,XGD/90,LAST 5,ATTENDANCE,TOP TEAM SCORER,GOALKEEPER,NOTES,SEASON
1,Barcelona,31,22,4,5,84,29,55,70,2.26,73.6,31.8,41.8,1.35,W W W D W,45270.0,Robert Lewandowski - 25,Iñaki Peña,,2024-2025
2,Real Madrid,31,20,6,5,64,31,33,66,2.13,60.3,32.4,27.9,0.9,W W W L W,70146.0,Kylian Mbappé - 22,Thibaut Courtois,,2024-2025
3,Atlético Madrid,30,17,9,4,49,24,25,60,2.0,47.4,28.2,19.2,0.64,W L L D W,61970.0,Julián Álvarez - 12,Jan Oblak,,2024-2025
4,Athletic Club,31,15,12,4,49,25,24,57,1.84,45.7,29.7,16.0,0.52,D W D D W,48380.0,Oihan Sancet - 15,Unai Simón,,2024-2025
5,Villarreal,30,14,9,7,53,40,13,51,1.7,52.4,33.6,18.9,0.63,L L W D W,18588.0,Ayoze Pérez - 13,Diego Conde,,2024-2025
6,Betis,31,13,9,9,42,39,3,48,1.55,46.5,38.7,7.8,0.25,W W W D L,51804.0,Giovani Lo Celso - 7,Rui Silva,,2024-2025
7,Celta Vigo,31,12,7,12,44,45,-1,43,1.39,41.6,32.3,9.3,0.3,W W D W L,21718.0,Iago Aspas - 8,Vicente Guaita,,2024-2025
8,Mallorca,31,12,7,12,31,37,-6,43,1.39,34.6,33.0,1.6,0.05,D W L L W,18750.0,Vedat Muriqi - 7,Dominik Greif,,2024-2025
9,Real Sociedad,31,12,5,14,30,34,-4,41,1.32,33.9,33.8,0.1,0.0,L D W W L,29885.0,Mikel Oyarzabal - 6,Álex Remiro,,2024-2025
10,Rayo Vallecano,31,10,10,11,34,38,-4,40,1.29,37.2,39.0,-1.7,-0.06,L D W L L,13043.0,"Pathé Ciss, Jorge de Frutos - 4",Augusto Batalla,,2024-2025
11,Getafe,31,10,9,12,31,28,3,39,1.26,30.2,37.3,-7.1,-0.23,W W L W L,11143.0,Mauro Arambarri - 9,David Soria,,2024-2025
12,Osasuna,31,8,14,9,36,44,-8,38,1.23,34.7,44.0,-9.2,-0.3,L L D D W,20439.0,Ante Budimir - 16,Sergio Herrera,,2024-2025
13,Valencia,31,9,10,12,35,47,-12,37,1.19,34.2,45.1,-10.9,-0.35,W D W W W,42897.0,Hugo Duro - 8,Giorgi Mamardashvili,,2024-2025
14,Sevilla,31,9,9,13,34,42,-8,36,1.16,31.7,41.0,-9.3,-0.3,W L L L L,35684.0,Dodi Lukebakio - 11,Ørjan Nyland,,2024-2025
15,Espanyol,30,9,8,13,33,40,-7,35,1.17,26.3,46.0,-19.7,-0.66,D L D W W,24416.0,Javi Puado - 10,Joan García,,2024-2025
16,Girona,31,9,7,15,38,48,-10,34,1.1,35.6,40.3,-4.7,-0.15,D D L L L,11845.0,Cristhian Stuani - 6,Paulo Gazzaniga,,2024-2025
17,Alavés,31,7,9,15,33,45,-12,30,0.97,35.3,38.8,-3.5,-0.11,W D L W L,17132.0,Kiké - 11,Antonio Sivera,,2024-2025
18,Las Palmas,31,7,8,16,37,52,-15,29,0.94,30.8,56.5,-25.8,-0.83,L D D L W,23550.0,Fábio Silva - 10,Jasper Cillessen,,2024-2025
19,Leganés,31,6,10,15,29,48,-19,28,0.9,28.0,51.6,-23.6,-0.76,L L L D L,11049.0,Dani Raba - 7,Marko Dmitrović,,2024-2025
20,Valladolid,30,4,4,22,19,69,-50,16,0.53,25.2,52.2,-27.0,-0.9,D L L L L,20895.0,"Mamadou Sylla, Selim Amallah... - 3",Karl Jakob Hein,,2024-2025
1,Real Madrid,38,29,8,1,87,26,61,95,2.5,68.8,35.4,33.4,0.88,,72061.0,Jude Bellingham - 19,Andriy Lunin,→ Champions League via league finish,2023-2024
2,Barcelona,38,26,7,5,79,44,35,85,2.24,77.6,41.6,35.9,0.94,,39846.0,Robert Lewandowski - 19,Marc-André ter Stegen,→ Champions League via league finish,2023-2024
3,Girona,38,25,6,7,85,46,39,81,2.13,70.8,54.3,16.5,0.43,,12520.0,Artem Dovbyk - 24,Paulo Gazzaniga,→ Champions League via league finish,2023-2024
4,Atlético Madrid,38,24,4,10,70,43,27,76,2.0,62.4,39.5,23.0,0.6,,59121.0,Antoine Griezmann - 16,Jan Oblak,→ Champions League via league finish,2023-2024
5,Athletic Club,38,19,11,8,61,37,24,68,1.79,52.7,41.3,11.4,0.3,,46112.0,Gorka Guruzeta - 14,Unai Simón,→ Europa League via cup win,2023-2024
6,Real Sociedad,38,16,12,10,51,39,12,60,1.58,44.9,41.3,3.6,0.1,,31710.0,Mikel Oyarzabal - 9,Álex Remiro,→ Europa League via league finish,2023-2024
7,Betis,38,14,15,9,48,45,3,57,1.5,43.9,50.2,-6.3,-0.17,,51259.0,Willian José - 10,Rui Silva,→ Europa Conference League via league finish,2023-2024
8,Villarreal,38,14,11,13,65,65,0,53,1.39,55.6,58.7,-3.2,-0.08,,17957.0,Alexander Sørloth - 23,Filip Jørgensen,,2023-2024
9,Valencia,38,13,10,15,40,45,-5,49,1.29,43.1,47.6,-4.5,-0.12,,43420.0,Hugo Duro - 13,Giorgi Mamardashvili,,2023-2024
10,Alavés,38,12,10,16,36,46,-10,46,1.21,46.2,44.7,1.5,0.04,,17391.0,Samu Omorodion - 8,Antonio Sivera,,2023-2024
11,Osasuna,38,12,9,17,45,56,-11,45,1.18,40.5,49.9,-9.4,-0.25,,19703.0,Ante Budimir - 17,Sergio Herrera,,2023-2024
12,Getafe,38,10,13,15,42,54,-12,43,1.13,45.7,53.8,-8.1,-0.21,,11456.0,Borja Mayoral - 15,David Soria,,2023-2024
13,Celta Vigo,38,10,11,17,46,57,-11,41,1.08,50.7,54.6,-3.8,-0.1,,20039.0,Jørgen Strand Larsen - 13,Vicente Guaita,,2023-2024
14,Sevilla,38,10,11,17,48,54,-6,41,1.08,44.9,55.9,-11.0,-0.29,,34984.0,Youssef En-Nesyri - 16,Ørjan Nyland,,2023-2024
15,Mallorca,38,8,16,14,33,44,-11,40,1.05,40.5,42.9,-2.5,-0.06,,17767.0,Vedat Muriqi - 7,Predrag Rajković,,2023-2024
16,Las Palmas,38,10,10,18,33,47,-14,40,1.05,33.2,56.6,-23.5,-0.62,,25041.0,Kirian Rodríguez - 6,Álvaro Vallés,,2023-2024
17,Rayo Vallecano,38,8,14,16,29,48,-19,38,1.0,42.3,44.6,-2.3,-0.06,,12749.0,Álvaro García - 6,Stole Dimitrievski,,2023-2024
18,Cádiz,38,6,15,17,26,55,-29,33,0.87,36.0,52.3,-16.3,-0.43,,18016.0,Chris Ramos - 5,Jeremías Ledesma,Relegated,2023-2024
19,Almería,38,3,12,23,43,75,-32,21,0.55,48.7,61.6,-12.9,-0.34,,12893.0,Sergio Arribas - 9,Luís Maximiano,Relegated,2023-2024
20,Granada,38,4,9,25,38,79,-41,21,0.55,42.6,64.2,-21.6,-0.57,,16350.0,Myrto Uzuni - 11,Augusto Batalla,Relegated,2023-2024
1,Barcelona,38,28,4,6,70,20,50,88,2.32,75.5,33.2,42.3,1.11,,83498.0,Robert Lewandowski - 23,Marc-André ter Stegen,→ Champions League via league finish,2022-2023
2,Real Madrid,38,24,6,8,75,36,39,78,2.05,75.5,38.9,36.6,0.96,,56649.0,Karim Benzema - 19,Thibaut Courtois,→ Champions League via league finish,2022-2023
3,Atlético Madrid,38,23,8,7,70,33,37,77,2.03,61.9,41.1,20.8,0.55,,55800.0,Antoine Griezmann - 15,Jan Oblak,→ Champions League via league finish,2022-2023
4,Real Sociedad,38,21,8,9,51,35,16,71,1.87,52.9,33.0,19.8,0.52,,32189.0,Alexander Sørloth - 12,Álex Remiro,→ Champions League via league finish,2022-2023
5,Villarreal,38,19,7,12,59,40,19,64,1.68,61.6,49.9,11.8,0.31,,16406.0,Nicolas Jackson - 12,Pepe Reina,→ Europa League via league finish,2022-2023
6,Betis,38,17,9,12,46,41,5,60,1.58,51.3,50.0,1.3,0.03,,49635.0,Borja Iglesias - 15,Rui Silva,→ Europa League via league finish,2022-2023
7,Osasuna,38,15,8,15,37,42,-5,53,1.39,39.8,45.7,-5.9,-0.15,,19655.0,"Ante Budimir, Ezequiel Ávila - 8",Aitor Fernández,→ Europa Conference League via league finish,2022-2023
8,Athletic Club,38,14,9,15,47,43,4,51,1.34,54.2,36.9,17.3,0.46,,43488.0,"Iñaki Williams, Oihan Sancet - 10",Unai Simón,,2022-2023
9,Mallorca,38,14,8,16,37,43,-6,50,1.32,35.2,46.4,-11.2,-0.3,,14799.0,Vedat Muriqi - 15,Predrag Rajković,,2022-2023
10,Girona,38,13,10,15,58,55,3,49,1.29,50.6,54.9,-4.3,-0.11,,11471.0,Valentín Castellanos - 13,Paulo Gazzaniga,,2022-2023
11,Rayo Vallecano,38,13,10,15,45,53,-8,49,1.29,43.9,50.3,-6.4,-0.17,,12525.0,Isaac Palazón Camacho - 9,Stole Dimitrievski,,2022-2023
12,Sevilla,38,13,10,15,47,54,-7,49,1.29,46.3,54.2,-7.9,-0.21,,35566.0,Youssef En-Nesyri - 8,Yassine Bounou,,2022-2023
13,Celta Vigo,38,11,10,17,43,53,-10,43,1.13,42.6,45.4,-2.8,-0.07,,14425.0,Iago Aspas - 12,"Agustín Marchesín, Iván Villar",,2022-2023
14,Cádiz,38,10,12,16,30,53,-23,42,1.11,41.5,61.6,-20.1,-0.53,,17741.0,"Theo Bongonda, Gonzalo Escalante - 4",Jeremías Ledesma,,2022-2023
15,Getafe,38,10,12,16,34,45,-11,42,1.11,36.7,46.0,-9.4,-0.25,,11592.0,Enes Ünal - 14,David Soria,,2022-2023
16,Valencia,38,11,9,18,42,45,-3,42,1.11,49.3,43.5,5.8,0.15,,40602.0,"Samuel Lino, Justin Kluivert - 6",Giorgi Mamardashvili,,2022-2023
17,Almería,38,11,8,19,49,65,-16,41,1.08,45.5,62.5,-17.0,-0.45,,12961.0,El Bilal Touré - 7,Fernando,,2022-2023
18,Valladolid,38,11,7,20,33,63,-30,40,1.05,38.5,65.2,-26.6,-0.7,,20943.0,Cyle Larin - 8,Jordi Masip,Relegated,2022-2023
19,Espanyol,38,8,13,17,52,69,-17,37,0.97,48.3,59.8,-11.5,-0.3,,21601.0,Joselu - 16,Fernando Pacheco,Relegated,2022-2023
20,Elche,38,5,10,23,30,67,-37,25,0.66,37.5,70.0,-32.6,-0.86,,19875.0,Lucas Boyé - 7,Édgar Badía,Relegated,2022-2023
1,Real Madrid,38,26,8,4,80,31,49,86,2.26,71.7,43.9,27.8,0.73,,41235.0,Karim Benzema - 27,Thibaut Courtois,→ Champions League via league finish,2021-2022
2,Barcelona,38,21,10,7,68,38,30,73,1.92,63.4,34.4,29.0,0.76,,53982.0,Memphis - 12,Marc-André ter Stegen,→ Champions League via league finish,2021-2022
3,Atlético Madrid,38,21,8,9,65,43,22,71,1.87,54.4,33.4,21.1,0.56,,48039.0,Ángel Correa - 12,Jan Oblak,→ Champions League via league finish,2021-2022
4,Sevilla,38,18,16,4,53,30,23,70,1.84,42.4,36.9,5.4,0.14,,29756.0,Rafa Mir - 10,Yassine Bounou,→ Champions League via league finish,2021-2022
5,Betis,38,19,8,11,62,40,22,65,1.71,53.5,43.4,10.1,0.27,,41749.0,Juanmi - 16,Rui Silva,→ Europa League via cup win,2021-2022
6,Real Sociedad,38,17,11,10,40,37,3,62,1.63,51.5,38.7,12.8,0.34,,26813.0,Mikel Oyarzabal - 9,Álex Remiro,→ Europa League via league finish,2021-2022
7,Villarreal,38,16,11,11,63,37,26,59,1.55,64.2,44.8,19.4,0.51,,14293.0,Arnaut Danjuma - 10,Gerónimo Rulli,→ Europa Conference League via league finish,2021-2022
8,Athletic Club,38,14,13,11,43,36,7,55,1.45,49.6,38.4,11.3,0.3,,32949.0,Iñaki Williams - 8,Unai Simón,,2021-2022
9,Valencia,38,11,15,12,48,53,-5,48,1.26,39.0,47.7,-8.7,-0.23,,27349.0,"Gonçalo Guedes, Carlos Soler - 11",Giorgi Mamardashvili,,2021-2022
10,Osasuna,38,12,11,15,37,51,-14,47,1.24,36.7,46.3,-9.6,-0.25,,17107.0,Ante Budimir - 8,Sergio Herrera,,2021-2022
11,Celta Vigo,38,12,10,16,43,43,0,46,1.21,43.1,45.7,-2.6,-0.07,,10014.0,Iago Aspas - 18,Matías Dituro,,2021-2022
12,Rayo Vallecano,38,11,9,18,39,50,-11,42,1.11,42.8,48.4,-5.6,-0.15,,7866.0,Sergi Guardiola - 8,Stole Dimitrievski,,2021-2022
13,Elche,38,11,9,18,40,52,-12,42,1.11,33.7,59.1,-25.4,-0.67,,15640.0,Pere Milla - 8,Édgar Badía,,2021-2022
14,Espanyol,38,10,12,16,40,53,-13,42,1.11,36.7,51.2,-14.5,-0.38,,17362.0,Raúl de Tomás - 17,Diego López,,2021-2022
15,Getafe,38,8,15,15,33,41,-8,39,1.03,29.3,38.6,-9.3,-0.25,,8702.0,Enes Ünal - 16,David Soria,,2021-2022
16,Mallorca,38,10,9,19,36,63,-27,39,1.03,38.8,49.3,-10.5,-0.28,,12712.0,"Vedat Muriqi, Salva Sevilla - 5",Manolo Reina,,2021-2022
17,Cádiz,38,8,15,15,35,51,-16,39,1.03,39.5,48.3,-8.7,-0.23,,14055.0,"Anthony Lozano, Álvaro Negredo - 7",Jeremías Ledesma,,2021-2022
18,Granada,38,8,14,16,44,61,-17,38,1.0,39.0,61.2,-22.2,-0.59,,13710.0,Jorge Molina - 10,Luís Maximiano,Relegated,2021-2022
19,Levante,38,8,11,19,51,76,-25,35,0.92,55.1,55.0,0.1,0.0,,14961.0,José Luis Morales - 13,Cárdenas,Relegated,2021-2022
20,Alavés,38,8,7,23,31,65,-34,31,0.82,37.3,57.0,-19.7,-0.52,,10952.0,Joselu - 14,Fernando Pacheco,Relegated,2021-2022
1,Atlético Madrid,38,26,8,4,67,25,42,86,2.26,52.8,37.1,15.7,0.41,,,Luis Suárez - 21,Jan Oblak,→ Champions League via league finish,2020-2021
2,Real Madrid,38,25,9,4,67,28,39,84,2.21,61.5,37.6,23.9,0.63,,,Karim Benzema - 23,Thibaut Courtois,→ Champions League via league finish,2020-2021
3,Barcelona,38,24,7,7,85,38,47,79,2.08,73.5,40.8,32.7,0.86,,,Lionel Messi - 30,Marc-André ter Stegen,→ Champions League via league finish,2020-2021
4,Sevilla,38,24,5,9,53,33,20,77,2.03,54.4,34.8,19.6,0.52,,,Youssef En-Nesyri - 18,Yassine Bounou,→ Champions League via league finish,2020-2021
5,Real Sociedad,38,17,11,10,59,38,21,62,1.63,60.7,39.2,21.5,0.57,,,Alexander Isak - 17,Álex Remiro,→ Europa League via league finish,2020-2021
6,Betis,38,17,10,11,50,50,0,61,1.61,49.1,46.8,2.2,0.06,,,Borja Iglesias - 11,Claudio Bravo,→ Europa League via league finish 1,2020-2021
7,Villarreal,38,15,13,10,60,44,16,58,1.53,56.4,42.5,13.9,0.37,,253.0,Gerard Moreno - 23,Sergio Asenjo,,2020-2021
8,Celta Vigo,38,14,11,13,55,57,-2,53,1.39,50.4,51.0,-0.6,-0.02,,91.0,Iago Aspas - 14,Iván Villar,,2020-2021
9,Granada,38,13,7,18,47,65,-18,46,1.21,41.1,56.2,-15.0,-0.4,,,Roberto Soldado - 9,Rui Silva,,2020-2021
10,Athletic Club,38,11,13,14,46,42,4,46,1.21,43.1,37.7,5.4,0.14,,,Álex Berenguer - 8,Unai Simón,,2020-2021
11,Osasuna,38,11,11,16,37,48,-11,44,1.16,38.7,47.8,-9.0,-0.24,,,Ante Budimir - 11,Sergio Herrera,,2020-2021
12,Cádiz,38,11,11,16,36,58,-22,44,1.16,34.7,55.4,-20.7,-0.54,,,Álvaro Negredo - 8,Jeremías Ledesma,,2020-2021
13,Valencia,38,10,13,15,50,53,-3,43,1.13,42.6,52.2,-9.6,-0.25,,142.0,Carlos Soler - 11,Jaume Doménech,,2020-2021
14,Levante,38,9,14,15,46,57,-11,41,1.08,40.4,53.4,-13.0,-0.34,,,José Luis Morales - 13,Aitor Fernández,,2020-2021
15,Getafe,38,9,11,18,28,43,-15,38,1.0,34.4,40.3,-5.9,-0.16,,,"Ángel Rodríguez, Jaime Mata - 5",David Soria,,2020-2021
16,Alavés,38,9,11,18,36,57,-21,38,1.0,42.6,49.9,-7.3,-0.19,,,Joselu - 11,Fernando Pacheco,,2020-2021
17,Elche,38,8,12,18,34,55,-21,36,0.95,29.9,60.9,-31.0,-0.82,,185.0,Lucas Boyé - 7,Édgar Badía,,2020-2021
18,Huesca,38,7,13,18,34,53,-19,34,0.89,38.9,48.4,-9.5,-0.25,,,Rafa Mir - 13,Álvaro Fernández,Relegated,2020-2021
19,Valladolid,38,5,16,17,34,57,-23,31,0.82,40.1,52.9,-12.8,-0.34,,,"Fabián Orellana, Shon Weissman - 6",Jordi Masip,Relegated,2020-2021
20,Eibar,38,6,12,20,29,52,-23,30,0.79,45.2,45.7,-0.5,-0.01,,,Kiké - 12,Marko Dmitrović,Relegated,2020-2021
1,Real Madrid,38,26,9,3,70,25,45,87,2.29,67.9,33.3,34.6,0.91,,45833.0,Karim Benzema - 21,Thibaut Courtois,→ Champions League via league finish,2019-2020
2,Barcelona,38,25,7,6,86,38,48,82,2.16,66.3,38.3,28.0,0.74,,54223.0,Lionel Messi - 25,Marc-André ter Stegen,→ Champions League via league finish,2019-2020
3,Atlético Madrid,38,18,16,4,51,27,24,70,1.84,56.8,32.5,24.4,0.64,,42236.0,Álvaro Morata - 12,Jan Oblak,→ Champions League via league finish,2019-2020
4,Sevilla,38,19,13,6,54,34,20,70,1.84,53.2,36.1,17.1,0.45,,25016.0,Lucas Ocampos - 14,Tomáš Vaclík,→ Champions League via league finish,2019-2020
5,Villarreal,38,18,6,14,63,49,14,60,1.58,63.6,46.3,17.3,0.45,,11321.0,Gerard Moreno - 18,Sergio Asenjo,→ Europa League via league finish 1,2019-2020
6,Real Sociedad,38,16,8,14,56,48,8,56,1.47,48.9,43.0,5.8,0.15,,21204.0,Willian José - 11,Álex Remiro,→ Europa League via league finish,2019-2020
7,Granada,38,16,8,14,52,45,7,56,1.47,44.9,42.6,2.3,0.06,,11174.0,Carlos Fernández - 10,Rui Silva,→ Europa League via league finish,2019-2020
8,Getafe,38,14,12,12,43,37,6,54,1.42,41.6,41.4,0.2,0.0,,8000.0,Jaime Mata - 11,David Soria,,2019-2020
9,Valencia,38,14,11,13,46,53,-7,53,1.39,43.3,56.0,-12.7,-0.33,,29658.0,Maxi Gómez - 10,Jasper Cillessen,,2019-2020
10,Osasuna,38,13,13,12,46,54,-8,52,1.37,49.4,49.4,0.1,0.0,,11453.0,Ezequiel Ávila - 9,Sergio Herrera,,2019-2020
11,Athletic Club,38,13,12,13,41,38,3,51,1.34,41.5,48.8,-7.3,-0.19,,28039.0,Raúl García - 15,Unai Simón,,2019-2020
12,Levante,38,14,7,17,47,53,-6,49,1.29,48.1,62.9,-14.8,-0.39,,13196.0,Roger Martí - 11,Aitor Fernández,,2019-2020
13,Valladolid,38,9,15,14,32,43,-11,42,1.11,36.6,54.5,-18.0,-0.47,,13580.0,Sergi Guardiola - 8,Jordi Masip,,2019-2020
14,Eibar,38,11,9,18,39,56,-17,42,1.11,42.0,53.0,-11.0,-0.29,,4151.0,Fabián Orellana - 8,Marko Dmitrović,,2019-2020
15,Betis,38,10,11,17,48,60,-12,41,1.08,51.0,54.8,-3.7,-0.1,,35969.0,Loren Morón - 10,Joel Robles,,2019-2020
16,Alavés,38,10,9,19,34,59,-25,39,1.03,39.3,57.8,-18.5,-0.49,,12177.0,"Joselu, Lucas Pérez - 11",Fernando Pacheco,,2019-2020
17,Celta Vigo,38,7,16,15,37,49,-12,37,0.97,39.2,45.3,-6.1,-0.16,,11995.0,Iago Aspas - 14,Rubén Blanco,,2019-2020
18,Leganés,38,8,12,18,30,51,-21,36,0.95,39.9,42.8,-2.9,-0.08,,7539.0,Óscar Rodríguez Arnaiz - 9,Iván Cuéllar,Relegated,2019-2020
19,Mallorca,38,9,6,23,40,65,-25,33,0.87,41.1,63.5,-22.4,-0.59,,10877.0,Ante Budimir - 13,Manolo Reina,Relegated,2019-2020
20,Espanyol,38,5,10,23,27,58,-31,25,0.66,38.6,51.0,-12.4,-0.33,,16260.0,"Raúl de Tomás, David López... - 4",Diego López,Relegated,2019-2020
1,Barcelona,38,26,9,3,90,36,54,87,2.29,75.8,45.3,30.5,0.8,,76104.0,Lionel Messi - 36,Marc-André ter Stegen,→ Champions League via league finish,2018-2019
2,Atlético Madrid,38,22,10,6,55,29,26,76,2.0,47.3,41.9,5.4,0.14,,56216.0,Antoine Griezmann - 15,Jan Oblak,→ Champions League via league finish,2018-2019
3,Real Madrid,38,21,5,12,63,46,17,68,1.79,66.7,47.1,19.6,0.52,,61040.0,Karim Benzema - 21,Thibaut Courtois,→ Champions League via league finish,2018-2019
4,Valencia,38,15,16,7,51,35,16,61,1.61,60.7,42.9,17.8,0.47,,39504.0,Daniel Parejo - 9,Neto,→ Champions League via league finish,2018-2019
5,Getafe,38,15,14,9,48,35,13,59,1.55,46.2,43.6,2.6,0.07,,11000.0,"Jorge Molina, Jaime Mata - 14",David Soria,→ Europa League via league finish,2018-2019
6,Sevilla,38,17,8,13,62,47,15,59,1.55,66.6,45.4,21.3,0.56,,35993.0,Wissam Ben Yedder - 18,Tomáš Vaclík,→ Europa League via league finish 1,2018-2019
7,Espanyol,38,14,11,13,48,50,-2,53,1.39,48.9,53.8,-4.9,-0.13,,19388.0,Borja Iglesias - 17,Diego López,→ Europa League via league finish,2018-2019
8,Athletic Club,38,13,14,11,41,45,-4,53,1.39,43.4,45.7,-2.3,-0.06,,40664.0,Iñaki Williams - 13,Iago Herrerín,,2018-2019
9,Real Sociedad,38,13,11,14,45,46,-1,50,1.32,49.7,48.6,1.1,0.03,,22310.0,Mikel Oyarzabal - 13,Gerónimo Rulli,,2018-2019
10,Betis,38,14,8,16,44,52,-8,50,1.32,47.1,49.4,-2.4,-0.06,,44525.0,Giovani Lo Celso - 9,Pau López,,2018-2019
11,Alavés,38,13,11,14,39,50,-11,50,1.32,41.1,53.2,-12.1,-0.32,,17295.0,Jonathan Calleri - 9,Fernando Pacheco,,2018-2019
12,Eibar,38,11,14,13,46,50,-4,47,1.24,54.8,45.9,9.0,0.24,,4896.0,Charles - 14,Marko Dmitrović,,2018-2019
13,Leganés,38,11,12,15,37,43,-6,45,1.18,40.6,41.2,-0.6,-0.02,,10416.0,Youssef En-Nesyri - 9,Iván Cuéllar,,2018-2019
14,Villarreal,38,10,14,14,49,52,-3,44,1.16,53.9,55.0,-1.1,-0.03,,16732.0,Karl Toko Ekambi - 10,Sergio Asenjo,,2018-2019
15,Levante,38,11,11,16,59,66,-7,44,1.16,53.9,76.2,-22.3,-0.59,,20216.0,Roger Martí - 13,Oier Olazábal,,2018-2019
16,Valladolid,38,10,11,17,32,51,-19,41,1.08,41.1,58.5,-17.5,-0.46,,18992.0,Enes Ünal - 6,Jordi Masip,,2018-2019
17,Celta Vigo,38,10,11,17,53,62,-9,41,1.08,46.5,60.9,-14.4,-0.38,,17603.0,Iago Aspas - 20,Rubén Blanco,,2018-2019
18,Girona,38,9,10,19,37,53,-16,37,0.97,43.5,52.7,-9.2,-0.24,,10948.0,Cristhian Stuani - 19,Yassine Bounou,Relegated,2018-2019
19,Huesca,38,7,12,19,43,65,-22,33,0.87,50.8,60.2,-9.4,-0.25,,6605.0,Ezequiel Ávila - 10,Roberto Santamaría,Relegated,2018-2019
20,Rayo Vallecano,38,8,8,22,41,70,-29,32,0.84,48.7,60.0,-11.3,-0.3,,11928.0,Raúl de Tomás - 14,Stole Dimitrievski,Relegated,2018-2019
1,Barcelona,38,28,9,1,99,29,70,93,2.45,83.5,41.9,41.6,1.09,,67142.0,Lionel Messi - 34,Marc-André ter Stegen,→ Champions League via league finish,2017-2018
2,Atlético Madrid,38,23,10,5,58,22,36,79,2.08,50.2,35.8,14.4,0.38,,52707.0,Antoine Griezmann - 19,Jan Oblak,→ Champions League via Europa League win,2017-2018
3,Real Madrid,38,22,10,6,94,44,50,76,2.0,85.4,43.2,42.2,1.11,,66863.0,Cristiano Ronaldo - 26,Keylor Navas,→ Champions League via Champions League win,2017-2018
4,Valencia,38,22,7,9,65,38,27,73,1.92,56.0,48.3,7.7,0.2,,38607.0,Rodrigo - 16,Neto,→ Champions League via league finish,2017-2018
5,Villarreal,38,18,7,13,57,50,7,61,1.61,53.3,53.4,-0.1,0.0,,16779.0,Carlos Bacca - 15,Sergio Asenjo,→ Europa League via league finish,2017-2018
6,Betis,38,18,6,14,60,61,-1,60,1.58,46.0,49.0,-3.1,-0.08,,46781.0,Sergio León - 11,Antonio Adán,→ Europa League via league finish 1,2017-2018
7,Sevilla,38,17,7,14,49,58,-9,58,1.53,59.5,54.4,5.2,0.14,,33006.0,Wissam Ben Yedder - 9,Sergio Rico,→ Europa League via league finish,2017-2018
8,Getafe,38,15,10,13,42,33,9,55,1.45,48.2,39.7,8.5,0.22,,10428.0,Ángel Rodríguez - 13,Vicente Guaita,,2017-2018
9,Eibar,38,14,9,15,44,50,-6,51,1.34,40.9,44.4,-3.5,-0.09,,5338.0,"Charles, Kiké - 8",Marko Dmitrović,,2017-2018
10,Girona,38,14,9,15,50,59,-9,51,1.34,50.6,50.4,0.2,0.01,,10424.0,Cristhian Stuani - 21,Yassine Bounou,,2017-2018
11,Espanyol,38,12,13,13,36,42,-6,49,1.29,41.1,52.3,-11.1,-0.29,,17882.0,Gerard Moreno - 16,Pau López,,2017-2018
12,Real Sociedad,38,14,7,17,66,59,7,49,1.29,53.7,50.5,3.1,0.08,,19793.0,Willian José - 15,Gerónimo Rulli,,2017-2018
13,Celta Vigo,38,13,10,15,59,60,-1,49,1.29,55.0,55.3,-0.3,-0.01,,16195.0,Iago Aspas - 22,Rubén Blanco,,2017-2018
14,Alavés,38,15,2,21,40,50,-10,47,1.24,38.5,55.9,-17.4,-0.46,,18845.0,Munir El Haddadi - 10,Fernando Pacheco,,2017-2018
15,Levante,38,11,13,14,44,58,-14,46,1.21,44.7,63.6,-18.8,-0.5,,18534.0,José Luis Morales - 10,Oier Olazábal,,2017-2018
16,Athletic Club,38,10,13,15,41,49,-8,43,1.13,49.7,50.3,-0.6,-0.02,,37246.0,Raúl García - 10,Kepa Arrizabalaga,,2017-2018
17,Leganés,38,12,7,19,34,51,-17,43,1.13,39.9,47.6,-7.6,-0.2,,9969.0,Gabriel - 5,Iván Cuéllar,,2017-2018
18,La Coruña,38,6,11,21,38,76,-38,29,0.76,51.6,58.7,-7.1,-0.19,,20542.0,Adrián López - 9,Rubén,Relegated,2017-2018
19,Las Palmas,38,5,7,26,24,74,-50,22,0.58,38.5,70.5,-32.0,-0.84,,16183.0,Jonathan Calleri - 9,Leandro Chichizola,Relegated,2017-2018
20,Málaga,38,5,5,28,24,61,-37,20,0.53,38.4,59.4,-21.0,-0.55,,20333.0,Diego Rolán - 5,Roberto,Relegated,2017-2018
1,Real Madrid,38,29,6,3,106,41,65,93,2.45,,,,,,71977.0,Cristiano Ronaldo - 25,Keylor Navas,→ Champions League via Champions League win,2016-2017
2,Barcelona,38,28,6,4,116,37,79,90,2.37,,,,,,78678.0,Lionel Messi - 37,Marc-André ter Stegen,→ Champions League via league finish,2016-2017
3,Atlético Madrid,38,23,9,6,70,27,43,78,2.05,,,,,,44737.0,Antoine Griezmann - 16,Jan Oblak,→ Champions League via league finish,2016-2017
4,Sevilla,38,21,9,8,69,49,20,72,1.89,,,,,,32783.0,Wissam Ben Yedder - 11,Sergio Rico,→ Champions League via league finish,2016-2017
5,Villarreal,38,19,10,9,56,33,23,67,1.76,,,,,,17870.0,Cédric Bakambu - 11,Sergio Asenjo,→ Europa League via league finish,2016-2017
6,Real Sociedad,38,19,7,12,59,53,6,64,1.68,,,,,,21473.0,Willian José - 12,Gerónimo Rulli,→ Europa League via league finish 1,2016-2017
7,Athletic Club,38,19,6,13,53,43,10,63,1.66,,,,,,40948.0,Aritz Aduriz - 16,Kepa Arrizabalaga,→ Europa League via league finish,2016-2017
8,Espanyol,38,15,11,12,49,50,-1,56,1.47,,,,,,20433.0,Gerard Moreno - 13,Diego López,,2016-2017
9,Alavés,38,14,13,11,41,43,-2,55,1.45,,,,,,18143.0,Deyverson - 7,Fernando Pacheco,,2016-2017
10,Eibar,38,15,9,14,56,51,5,54,1.42,,,,,,5326.0,Sergi Enrich - 11,Yoel,,2016-2017
11,Málaga,38,12,10,16,49,55,-6,46,1.21,,,,,,22501.0,Sandro Ramírez - 14,Carlos Kameni,,2016-2017
12,Valencia,38,13,7,18,56,65,-9,46,1.21,,,,,,33866.0,"Simone Zaza, Santi Mina... - 6",Diego Alves,,2016-2017
13,Celta Vigo,38,13,6,19,53,69,-16,45,1.18,,,,,,17028.0,Iago Aspas - 19,Sergio Álvarez,,2016-2017
14,Las Palmas,38,10,9,19,53,74,-21,39,1.03,,,,,,20458.0,Kevin-Prince Boateng - 10,Javi Varas,,2016-2017
15,Betis,38,10,9,19,41,64,-23,39,1.03,,,,,,33492.0,Rubén Castro - 13,Antonio Adán,,2016-2017
16,La Coruña,38,8,12,18,43,61,-18,36,0.95,,,,,,22521.0,Florin Andone - 12,Germán Lux,,2016-2017
17,Leganés,38,8,11,19,36,55,-19,35,0.92,,,,,,10182.0,Alexander - 8,Iago Herrerín,,2016-2017
18,Sporting Gijón,38,7,10,21,42,72,-30,31,0.82,,,,,,23069.0,Duje Čop - 9,Iván Cuéllar,Relegated,2016-2017
19,Osasuna,38,4,10,24,40,94,-54,22,0.58,,,,,,14770.0,Sergio León - 10,Salvatore Sirigu,Relegated,2016-2017
20,Granada,38,4,8,26,30,82,-52,20,0.53,,,,,,14890.0,"Andreas Pereira, Artem Kravets... - 5",Guillermo Ochoa,Relegated,2016-2017
1,Barcelona,38,29,4,5,112,29,83,91,2.39,,,,,,74655.0,Luis Suárez - 40,Claudio Bravo,→ Champions League via league finish,2015-2016
2,Real Madrid,38,28,6,4,110,34,76,90,2.37,,,,,,71265.0,Cristiano Ronaldo - 35,Keylor Navas,→ Champions League via Champions League win,2015-2016
3,Atlético Madrid,38,28,4,6,63,18,45,88,2.32,,,,,,46902.0,Antoine Griezmann - 22,Jan Oblak,→ Champions League via league finish,2015-2016
4,Villarreal,38,18,10,10,44,35,9,64,1.68,,,,,,17660.0,Cédric Bakambu - 12,Alphonse Areola,→ Champions League via league finish,2015-2016
5,Athletic Club,38,18,8,12,58,45,13,62,1.63,,,,,,41917.0,Aritz Aduriz - 20,Gorka Iraizoz,→ Europa League via league finish,2015-2016
6,Celta Vigo,38,17,9,12,51,59,-8,60,1.58,,,,,,18382.0,Iago Aspas - 13,Sergio Álvarez,→ Europa League via league finish 1,2015-2016
7,Sevilla,38,14,10,14,51,50,1,52,1.37,,,,,,33134.0,Kévin Gameiro - 16,Sergio Rico,→ Champions League via Europa League win,2015-2016
8,Málaga,38,12,12,14,38,35,3,48,1.26,,,,,,21401.0,Charles - 12,Carlos Kameni,,2015-2016
9,Real Sociedad,38,13,9,16,45,48,-3,48,1.26,,,,,,20603.0,Imanol Agirretxe - 13,Gerónimo Rulli,,2015-2016
10,Betis,38,11,12,15,34,52,-18,45,1.18,,,,,,37832.0,Rubén Castro - 19,Antonio Adán,,2015-2016
11,Las Palmas,38,12,8,18,45,53,-8,44,1.16,,,,,,21302.0,Jonathan Viera - 10,Javi Varas,,2015-2016
12,Valencia,38,11,11,16,46,48,-2,44,1.16,,,,,,37544.0,Paco Alcácer - 13,Jaume Doménech,,2015-2016
13,Espanyol,38,12,7,19,40,74,-34,43,1.13,,,,,,21595.0,Felipe Caicedo - 8,Pau López,,2015-2016
14,Eibar,38,11,10,17,49,61,-12,43,1.13,,,,,,5215.0,Borja Bastón - 18,Asier Riesgo,,2015-2016
15,La Coruña,38,8,18,12,45,61,-16,42,1.11,,,,,,23797.0,Lucas Pérez - 17,Germán Lux,,2015-2016
16,Granada,38,10,9,19,46,69,-23,39,1.03,,,,,,16400.0,Youssef El-Arabi - 16,Andrés Fernández,,2015-2016
17,Sporting Gijón,38,10,9,19,40,62,-22,39,1.03,,,,,,23559.0,Antonio Sanabria - 11,Iván Cuéllar,,2015-2016
18,Rayo Vallecano,38,9,11,18,52,73,-21,38,1.0,,,,,,11665.0,Javi Guerra - 12,Juan Carlos,Relegated,2015-2016
19,Getafe,38,9,9,20,37,67,-30,36,0.95,,,,,,7498.0,Pablo Sarabia - 7,Vicente Guaita,Relegated,2015-2016
20,Levante,38,8,8,22,37,70,-33,32,0.84,,,,,,14661.0,Deyverson - 9,Diego Mariño,Relegated,2015-2016
1,Barcelona,38,30,4,4,110,21,89,94,2.47,,,,,,77632.0,Lionel Messi - 43,Claudio Bravo,→ Champions League via Champions League win,2014-2015
2,Real Madrid,38,30,2,6,118,38,80,92,2.42,,,,,,73545.0,Cristiano Ronaldo - 48,Iker Casillas,→ Champions League via league finish,2014-2015
3,Atlético Madrid,38,23,9,6,67,29,38,78,2.05,,,,,,46454.0,Antoine Griezmann - 22,Miguel Ángel Moyá,→ Champions League via league finish,2014-2015
4,Valencia,38,22,11,5,70,32,38,77,2.03,,,,,,43125.0,Daniel Parejo - 12,Diego Alves,→ Champions League via league finish,2014-2015
5,Sevilla,38,23,7,8,71,45,26,76,2.0,,,,,,30878.0,Carlos Bacca - 20,Sergio Rico,→ Champions League via Europa League win,2014-2015
6,Villarreal,38,16,12,10,48,37,11,60,1.58,,,,,,16375.0,Luciano Vietto - 12,Sergio Asenjo,→ Europa League via league finish 1,2014-2015
7,Athletic Club,38,15,10,13,42,41,1,55,1.45,,,,,,40654.0,Aritz Aduriz - 18,Gorka Iraizoz,→ Europa League via league finish,2014-2015
8,Celta Vigo,38,13,12,13,47,44,3,51,1.34,,,,,,19039.0,Nolito - 13,Sergio Álvarez,,2014-2015
9,Málaga,38,14,8,16,42,48,-6,50,1.32,,,,,,22333.0,Juanmi - 8,Carlos Kameni,,2014-2015
10,Espanyol,38,13,10,15,47,51,-4,49,1.29,,,,,,18694.0,Sergio García - 14,Kiko Casilla,,2014-2015
11,Rayo Vallecano,38,15,4,19,46,68,-22,49,1.29,,,,,,10414.0,Alberto Bueno - 17,Toño,,2014-2015
12,Real Sociedad,38,11,13,14,44,51,-7,46,1.21,,,,,,21550.0,Carlos Vela - 9,Gerónimo Rulli,,2014-2015
13,Elche,38,11,8,19,35,62,-27,41,1.08,,,,,,21668.0,Jonathas - 14,Przemysław Tytoń,Relegated 2,2014-2015
14,Levante,38,9,10,19,34,67,-33,37,0.97,,,,,,15866.0,David Barral - 11,Diego Mariño,,2014-2015
15,Getafe,38,10,7,21,33,64,-31,37,0.97,,,,,,7171.0,Álvaro Vázquez - 7,Vicente Guaita,,2014-2015
16,La Coruña,38,7,14,17,35,60,-25,35,0.92,,,,,,21042.0,Lucas Pérez - 6,Fabricio,,2014-2015
17,Granada,38,7,14,17,29,64,-35,35,0.92,,,,,,17736.0,Youssef El-Arabi - 8,Roberto,,2014-2015
18,Eibar,38,9,8,21,34,55,-21,35,0.92,,,,,,4773.0,Mikel Arruabarrena - 9,Xabi Irureta,Retained 3,2014-2015
19,Almería,38,8,8,22,35,64,-29,29,0.76,,,,,,10538.0,Tomer Hemed - 8,Rubén,"3-point deduction 4, Relegated",2014-2015
20,Córdoba,38,3,11,24,22,68,-46,20,0.53,,,,,,16348.0,Nabil Ghilas - 7,Juan Carlos,Relegated,2014-2015
1,Atlético Madrid,38,28,6,4,77,26,51,90,2.37,,,,,,,Diego Costa - 27,Thibaut Courtois,→ Champions League via league finish,2013-2014
2,Barcelona,38,27,6,5,100,33,67,87,2.29,,,,,,,Lionel Messi - 28,Víctor Valdés,→ Champions League via league finish,2013-2014
3,Real Madrid,38,27,6,5,104,38,66,87,2.29,,,,,,,Cristiano Ronaldo - 31,Diego López,→ Champions League via Champions League win,2013-2014
4,Athletic Club,38,20,10,8,66,39,27,70,1.84,,,,,,,Aritz Aduriz - 16,Gorka Iraizoz,→ Champions League via league finish,2013-2014
5,Sevilla,38,18,9,11,69,52,17,63,1.66,,,,,,,Kévin Gameiro - 15,Beto,→ Europa League via Europa League win,2013-2014
6,Villarreal,38,17,8,13,60,44,16,59,1.55,,,,,,,Ikechukwu Uche - 13,Sergio Asenjo,→ Europa League via league finish,2013-2014
7,Real Sociedad,38,16,11,11,62,55,7,59,1.55,,,,,,,"Antoine Griezmann, Carlos Vela - 16",Claudio Bravo,→ Europa League via league finish,2013-2014
8,Valencia,38,13,10,15,51,53,-2,49,1.29,,,,,,,Jonas - 10,Diego Alves,,2013-2014
9,Celta Vigo,38,14,7,17,49,54,-5,49,1.29,,,,,,,Nolito - 14,Yoel,,2013-2014
10,Levante,38,12,12,14,35,43,-8,48,1.26,,,,,,,David Barral - 7,Keylor Navas,,2013-2014
11,Málaga,38,12,9,17,39,46,-7,45,1.18,,,,,,,Roque Santa Cruz - 6,Willy Caballero,,2013-2014
12,Rayo Vallecano,38,13,4,21,46,80,-34,43,1.13,,,,,,,Joaquín Larrivey - 12,Rubén,,2013-2014
13,Getafe,38,11,9,18,35,54,-19,42,1.11,,,,,,,"Ángel Lafita, Pedro León - 7",Miguel Ángel Moyá,,2013-2014
14,Espanyol,38,11,9,18,41,51,-10,42,1.11,,,,,,,Sergio García - 12,Kiko Casilla,,2013-2014
15,Granada,38,12,5,21,32,56,-24,41,1.08,,,,,,,Youssef El-Arabi - 12,Roberto,,2013-2014
16,Elche,38,9,13,16,30,50,-20,40,1.05,,,,,,,"Richmond Boakye, Ferran Corominas - 6",Manu Herrera,,2013-2014
17,Almería,38,11,7,20,43,71,-28,40,1.05,,,,,,,"Verza, Rodri - 8",Esteban,,2013-2014
18,Osasuna,38,10,9,19,32,62,-30,39,1.03,,,,,,,Oriol Riera - 13,Andrés Fernández,Relegated,2013-2014
19,Valladolid,38,7,15,16,38,60,-22,36,0.95,,,,,,,Javi Guerra - 15,Diego Mariño,Relegated,2013-2014
20,Betis,38,6,7,25,36,78,-42,25,0.66,,,,,,,Rubén Castro - 10,Antonio Adán,Relegated,2013-2014
1,Barcelona,38,32,4,2,115,40,75,100,2.63,,,,,,,Lionel Messi - 46,Víctor Valdés,→ Champions League via league finish,2012-2013
2,Real Madrid,38,26,7,5,103,42,61,85,2.24,,,,,,,Cristiano Ronaldo - 34,Iker Casillas,→ Champions League via league finish,2012-2013
3,Atlético Madrid,38,23,7,8,65,31,34,76,2.0,,,,,,,Radamel Falcao - 28,Thibaut Courtois,→ Champions League via league finish,2012-2013
4,Real Sociedad,38,18,12,8,70,49,21,66,1.74,,,,,,,Carlos Vela - 14,Claudio Bravo,→ Champions League via league finish,2012-2013
5,Valencia,38,19,8,11,67,54,13,65,1.71,,,,,,,Roberto Soldado - 24,Diego Alves,→ Europa League via league finish 1,2012-2013
6,Málaga,38,16,9,13,53,50,3,57,1.5,,,,,,,"Isco, Roque Santa Cruz - 9",Willy Caballero,,2012-2013
7,Betis,38,16,8,14,57,56,1,56,1.47,,,,,,,Rubén Castro - 18,Adrián,→ Europa League via league finish,2012-2013
8,Rayo Vallecano,38,16,5,17,50,66,-16,53,1.39,,,,,,,Piti - 18,Rubén,,2012-2013
9,Sevilla,38,14,8,16,58,54,4,50,1.32,,,,,,,Álvaro Negredo - 25,Andrés Palop,→ Europa League via league finish,2012-2013
10,Getafe,38,13,8,17,43,57,-14,47,1.24,,,,,,,Diego Castro - 7,Miguel Ángel Moyá,,2012-2013
11,Levante,38,12,10,16,40,57,-17,46,1.21,,,,,,,Obafemi Martins - 7,Gustavo Munúa,,2012-2013
12,Athletic Club,38,12,9,17,44,65,-21,45,1.18,,,,,,,Aritz Aduriz - 14,Gorka Iraizoz,,2012-2013
13,Espanyol,38,11,11,16,43,52,-9,44,1.16,,,,,,,Joan Verdú - 9,Kiko Casilla,,2012-2013
14,Valladolid,38,11,10,17,49,58,-9,43,1.13,,,,,,,Óscar - 12,Dani Hernández,,2012-2013
15,Granada,38,11,9,18,37,54,-17,42,1.11,,,,,,,Youssef El-Arabi - 8,Toño,,2012-2013
16,Osasuna,38,10,9,19,33,50,-17,39,1.03,,,,,,,Enrique Sola - 8,Andrés Fernández,,2012-2013
17,Celta Vigo,38,10,7,21,37,52,-15,37,0.97,,,,,,,Iago Aspas - 12,Javi Varas,,2012-2013
18,Mallorca,38,9,9,20,43,72,-29,36,0.95,,,,,,,Tomer Hemed - 11,Dudu Aouate,Relegated,2012-2013
19,La Coruña,38,8,11,19,47,70,-23,35,0.92,,,,,,,Riki - 13,Daniel Aranzubia,Relegated,2012-2013
20,Zaragoza,38,9,7,22,37,62,-25,34,0.89,,,,,,,Hélder Postiga - 14,Roberto,Relegated,2012-2013
1,Real Madrid,38,32,4,2,121,32,89,100,2.63,,,,,,,Cristiano Ronaldo - 46,Iker Casillas,→ Champions League via league finish,2011-2012
2,Barcelona,38,28,7,3,114,29,85,91,2.39,,,,,,,Lionel Messi - 50,Víctor Valdés,→ Champions League via league finish,2011-2012
3,Valencia,38,17,10,11,59,44,15,61,1.61,,,,,,,Roberto Soldado - 17,Vicente Guaita,→ Champions League via league finish,2011-2012
4,Málaga,38,17,7,14,54,53,1,58,1.53,,,,,,,Salomón Rondón - 11,Willy Caballero,→ Champions League via league finish,2011-2012
5,Atlético Madrid,38,15,11,12,53,46,7,56,1.47,,,,,,,Radamel Falcao - 24,Thibaut Courtois,→ Europa League via Europa League win,2011-2012
6,Levante,38,16,7,15,54,50,4,55,1.45,,,,,,,Arouna Koné - 15,Gustavo Munúa,→ Europa League via league finish,2011-2012
7,Osasuna,38,13,15,10,44,61,-17,54,1.42,,,,,,,Raúl García - 11,Andrés Fernández,,2011-2012
8,Mallorca,38,14,10,14,42,46,-4,52,1.37,,,,,,,Víctor Casadesús - 9,Dudu Aouate,,2011-2012
9,Sevilla,38,13,11,14,48,47,1,50,1.32,,,,,,,Álvaro Negredo - 14,Javi Varas,,2011-2012
10,Athletic Club,38,12,13,13,49,52,-3,49,1.29,,,,,,,Fernando Llorente - 17,Gorka Iraizoz,→ Europa League via cup loss 1,2011-2012
11,Getafe,38,12,11,15,40,51,-11,47,1.24,,,,,,,Miku - 12,Miguel Ángel Moyá,,2011-2012
12,Real Sociedad,38,12,11,15,46,52,-6,47,1.24,,,,,,,Carlos Vela - 12,Claudio Bravo,,2011-2012
13,Betis,38,13,8,17,47,56,-9,47,1.24,,,,,,,Rubén Castro - 16,Casto,,2011-2012
14,Espanyol,38,12,10,16,46,56,-10,46,1.21,,,,,,,Kalu Uche - 6,Cristian Álvarez,,2011-2012
15,Rayo Vallecano,38,13,4,21,53,73,-20,43,1.13,,,,,,,Michu - 15,David Cobeño,,2011-2012
16,Zaragoza,38,12,7,19,36,61,-25,43,1.13,,,,,,,Hélder Postiga - 9,Roberto,,2011-2012
17,Granada,38,12,6,20,35,56,-21,42,1.11,,,,,,,"Odion Ighalo, Guilherme Siqueira - 6",Roberto,,2011-2012
18,Villarreal,38,9,14,15,39,53,-14,41,1.08,,,,,,,Marco Ruben - 9,Diego López,Relegated,2011-2012
19,Sporting Gijón,38,10,7,21,42,69,-27,37,0.97,,,,,,,David Barral - 9,Juan Pablo Colinas,Relegated,2011-2012
20,Racing Sant,38,4,15,19,28,63,-35,27,0.71,,,,,,,Cristhian Stuani - 9,Toño,Relegated,2011-2012
1,Barcelona,38,30,6,2,95,21,74,96,2.53,,,,,,,Lionel Messi - 31,Víctor Valdés,→ Champions League via Champions League win,2010-2011
2,Real Madrid,38,29,5,4,102,33,69,92,2.42,,,,,,,Cristiano Ronaldo - 40,Iker Casillas,→ Champions League via league finish,2010-2011
3,Valencia,38,21,8,9,64,44,20,71,1.87,,,,,,,Roberto Soldado - 18,Vicente Guaita,→ Champions League via league finish,2010-2011
4,Villarreal,38,18,8,12,54,44,10,62,1.63,,,,,,,Giuseppe Rossi - 18,Diego López,→ Champions League via league finish,2010-2011
5,Sevilla,38,17,7,14,62,61,1,58,1.53,,,,,,,Álvaro Negredo - 20,Javi Varas,→ Europa League via league finish,2010-2011
6,Athletic Club,38,18,4,16,59,55,4,58,1.53,,,,,,,Fernando Llorente - 18,Gorka Iraizoz,→ Europa League via league finish 1,2010-2011
7,Atlético Madrid,38,17,7,14,62,53,9,58,1.53,,,,,,,Sergio Agüero - 20,David de Gea,→ Europa League via league finish,2010-2011
8,Espanyol,38,15,4,19,46,55,-9,49,1.29,,,,,,,Dani Osvaldo - 13,Carlos Kameni,,2010-2011
9,Osasuna,38,13,8,17,45,46,-1,47,1.24,,,,,,,Enrique Sola - 7,Ricardo,,2010-2011
10,Sporting Gijón,38,11,14,13,35,42,-7,47,1.24,,,,,,,Diego Castro - 9,Juan Pablo Colinas,,2010-2011
11,Málaga,38,13,7,18,54,68,-14,46,1.21,,,,,,,Salomón Rondón - 14,Willy Caballero,,2010-2011
12,Racing Sant,38,12,10,16,41,56,-15,46,1.21,,,,,,,Markus Rosenberg - 9,Toño,,2010-2011
13,Zaragoza,38,12,9,17,40,53,-13,45,1.18,,,,,,,Gabi - 11,Leo Franco,,2010-2011
14,Levante,38,12,9,17,41,52,-11,45,1.18,,,,,,,Felipe Caicedo - 13,Gustavo Munúa,,2010-2011
15,Real Sociedad,38,14,3,21,49,66,-17,45,1.18,,,,,,,"Antoine Griezmann, Xabi Prieto... - 7",Claudio Bravo,,2010-2011
16,Getafe,38,12,8,18,49,60,-11,44,1.16,,,,,,,Manu del Moral - 9,Jordi Codina,,2010-2011
17,Mallorca,38,12,8,18,41,56,-15,44,1.16,,,,,,,Pierre Webó - 11,Dudu Aouate,,2010-2011
18,La Coruña,38,10,13,15,31,47,-16,43,1.13,,,,,,,Adrián López - 8,Daniel Aranzubia,Relegated,2010-2011
19,Hércules,38,9,8,21,36,60,-24,35,0.92,,,,,,,David Trezeguet - 12,Juan Calatayud,Relegated,2010-2011
20,Almería,38,6,12,20,36,70,-34,30,0.79,,,,,,,Pablo Piatti - 8,Diego Alves,Relegated,2010-2011
1,Barcelona,38,31,6,1,98,24,74,99,2.61,,,,,,,Lionel Messi - 34,Víctor Valdés,→ Champions League via league finish,2009-2010
2,Real Madrid,38,31,3,4,102,35,67,96,2.53,,,,,,,Gonzalo Higuaín - 27,Iker Casillas,→ Champions League via league finish,2009-2010
3,Valencia,38,21,8,9,59,40,19,71,1.87,,,,,,,David Villa - 21,César Sánchez,→ Champions League via league finish,2009-2010
4,Sevilla,38,19,6,13,65,49,16,63,1.66,,,,,,,Luís Fabiano - 15,Andrés Palop,→ Champions League via league finish,2009-2010
5,Mallorca,38,18,8,12,59,44,15,62,1.63,,,,,,,Aritz Aduriz - 12,Dudu Aouate,,2009-2010
6,Getafe,38,17,7,14,58,48,10,58,1.53,,,,,,,Roberto Soldado - 16,Jordi Codina,→ Europa League via league finish,2009-2010
7,Villarreal,38,16,8,14,58,57,1,56,1.47,,,,,,,Nilmar - 11,Diego López,→ Europa League via league finish 1,2009-2010
8,Athletic Club,38,15,9,14,50,53,-3,54,1.42,,,,,,,Fernando Llorente - 14,Gorka Iraizoz,,2009-2010
9,Atlético Madrid,38,13,8,17,57,61,-4,47,1.24,,,,,,,Diego Forlán - 18,David de Gea,→ Europa League via Europa League win,2009-2010
10,La Coruña,38,13,8,17,35,49,-14,47,1.24,,,,,,,Riki - 8,Daniel Aranzubia,,2009-2010
11,Espanyol,38,11,11,16,29,46,-17,44,1.16,,,,,,,Dani Osvaldo - 7,Carlos Kameni,,2009-2010
12,Osasuna,38,11,10,17,37,46,-9,43,1.13,,,,,,,Walter Pandiani - 11,Ricardo,,2009-2010
13,Almería,38,10,12,16,43,55,-12,42,1.11,,,,,,,Kalu Uche - 9,Diego Alves,,2009-2010
14,Zaragoza,38,10,11,17,46,64,-18,41,1.08,,,,,,,Adrián Colunga - 7,Juan Pablo Carrizo,,2009-2010
15,Sporting Gijón,38,9,13,16,36,51,-15,40,1.05,,,,,,,Diego Castro - 10,Juan Pablo Colinas,,2009-2010
16,Racing Sant,38,9,12,17,42,59,-17,39,1.03,,,,,,,Mohamed Tchité - 11,Fabio Coltorti,,2009-2010
17,Málaga,38,7,16,15,42,48,-6,37,0.97,,,,,,,Duda - 8,Gustavo Munúa,,2009-2010
18,Valladolid,38,7,15,16,37,62,-25,36,0.95,,,,,,,Diego Costa - 8,Justo Villar,Relegated,2009-2010
19,Tenerife,38,9,9,20,40,74,-34,36,0.95,,,,,,,Nino - 14,Sergio Aragoneses,Relegated,2009-2010
20,Xerez,38,8,10,20,38,66,-28,34,0.89,,,,,,,Mario Bermejo - 12,Renan Brito Soares,Relegated,2009-2010
1,Barcelona,38,27,6,5,105,35,70,87,2.29,,,,,,,Samuel Eto'o - 30,Víctor Valdés,→ Champions League via Champions League win,2008-2009
2,Real Madrid,38,25,3,10,83,52,31,78,2.05,,,,,,,Gonzalo Higuaín - 22,Iker Casillas,→ Champions League via league finish,2008-2009
3,Sevilla,38,21,7,10,54,39,15,70,1.84,,,,,,,Frédéric Kanouté - 18,Andrés Palop,→ Champions League via league finish,2008-2009
4,Atlético Madrid,38,20,7,11,80,57,23,67,1.76,,,,,,,Diego Forlán - 32,Leo Franco,→ Champions League via league finish,2008-2009
5,Villarreal,38,18,11,9,61,54,7,65,1.71,,,,,,,Joseba Llorente - 15,Diego López,→ Europa League via league finish,2008-2009
6,Valencia,38,18,8,12,68,54,14,62,1.63,,,,,,,David Villa - 28,Renan Brito Soares,→ Europa League via league finish 1,2008-2009
7,La Coruña,38,16,10,12,48,47,1,58,1.53,,,,,,,Ángel Lafita - 8,Daniel Aranzubia,,2008-2009
8,Málaga,38,15,10,13,55,59,-4,55,1.45,,,,,,,"Apoño, Nabil Baha - 9",Iñaki Goitia,,2008-2009
9,Mallorca,38,14,9,15,53,60,-7,51,1.34,,,,,,,Aritz Aduriz - 11,Dudu Aouate,,2008-2009
10,Espanyol,38,12,11,15,46,49,-3,47,1.24,,,,,,,Raúl Tamudo - 6,Carlos Kameni,,2008-2009
11,Almería,38,13,7,18,45,61,-16,46,1.21,,,,,,,Álvaro Negredo - 19,Diego Alves,,2008-2009
12,Racing Sant,38,12,10,16,49,48,1,46,1.21,,,,,,,Nikola Žigić - 13,Toño,,2008-2009
13,Athletic Club,38,12,8,18,47,62,-15,44,1.16,,,,,,,Fernando Llorente - 14,Gorka Iraizoz,→ Europa League via cup loss 2,2008-2009
14,Sporting Gijón,38,14,1,23,47,79,-32,43,1.13,,,,,,,Mate Bilić - 11,Iván Cuéllar,,2008-2009
15,Osasuna,38,10,13,15,41,47,-6,43,1.13,,,,,,,Walter Pandiani - 11,Roberto,,2008-2009
16,Valladolid,38,12,7,19,46,58,-12,43,1.13,,,,,,,Henok Goitom - 10,Sergio Asenjo,,2008-2009
17,Getafe,38,10,12,16,50,56,-6,42,1.11,,,,,,,Roberto Soldado - 13,Jacobo,,2008-2009
18,Betis,38,10,12,16,51,58,-7,42,1.11,,,,,,,Achille Emaná - 11,Ricardo,Relegated,2008-2009
19,Numancia,38,10,5,23,38,69,-31,35,0.92,,,,,,,José Barkero - 12,Juan Pablo Colinas,Relegated,2008-2009
20,Recreativo,38,8,9,21,34,57,-23,33,0.87,,,,,,,"Adrián Colunga, Javier Camuñas - 10",Asier Riesgo,Relegated,2008-2009
1,Real Madrid,38,27,4,7,84,36,48,85,2.24,,,,,,,Raúl - 18,Iker Casillas,→ Champions League via league finish,2007-2008
2,Villarreal,38,24,5,9,63,40,23,77,2.03,,,,,,,Nihat Kahveci - 18,Diego López,→ Champions League via league finish,2007-2008
3,Barcelona,38,19,10,9,76,43,33,67,1.76,,,,,,,Samuel Eto'o - 16,Víctor Valdés,→ Champions League via league finish,2007-2008
4,Atlético Madrid,38,19,7,12,66,47,19,64,1.68,,,,,,,Sergio Agüero - 20,Christian Abbiati,→ Champions League via league finish,2007-2008
5,Sevilla,38,20,4,14,75,49,26,64,1.68,,,,,,,Luís Fabiano - 24,Andrés Palop,→ UEFA Cup via league finish,2007-2008
6,Racing Sant,38,17,9,12,42,41,1,60,1.58,,,,,,,Mohamed Tchité - 8,Toño,→ UEFA Cup via league finish,2007-2008
7,Mallorca,38,15,14,9,69,54,15,59,1.55,,,,,,,Dani Güiza - 27,Miguel Ángel Moyá,,2007-2008
8,Almería,38,14,10,14,42,45,-3,52,1.37,,,,,,,Álvaro Negredo - 12,Diego Alves,,2007-2008
9,La Coruña,38,15,7,16,46,47,-1,52,1.37,,,,,,,Xisco - 9,Dudu Aouate,→ UEFA Intertoto Cup via league finish,2007-2008
10,Valencia,38,15,6,17,48,62,-14,51,1.34,,,,,,,David Villa - 18,Timo Hildebrand,→ UEFA Cup via cup win 1,2007-2008
11,Athletic Club,38,13,11,14,40,43,-3,50,1.32,,,,,,,Fernando Llorente - 11,Armando,,2007-2008
12,Espanyol,38,13,9,16,43,53,-10,48,1.26,,,,,,,Luis García - 13,Carlos Kameni,,2007-2008
13,Betis,38,12,11,15,45,51,-6,47,1.24,,,,,,,Edu - 12,Ricardo,,2007-2008
14,Getafe,38,12,11,15,44,48,-4,47,1.24,,,,,,,"Juan Ángel Albín, Manu del Moral - 7",Pato Abbondanzieri,,2007-2008
15,Valladolid,38,11,12,15,42,57,-15,45,1.18,,,,,,,Joseba Llorente - 17,Sergio Asenjo,,2007-2008
16,Recreativo,38,11,11,16,40,60,-20,44,1.16,,,,,,,Florent Sinama Pongolle - 10,Stefano Sorrentino,,2007-2008
17,Osasuna,38,12,7,19,37,44,-7,43,1.13,,,,,,,Dady - 7,Ricardo,,2007-2008
18,Zaragoza,38,10,12,16,50,61,-11,42,1.11,,,,,,,Ricardo Oliveira - 17,César Sánchez,Relegated,2007-2008
19,Real Murcia,38,7,9,22,36,65,-29,30,0.79,,,,,,,Iván Alonso - 10,Antonio Notario,Relegated,2007-2008
20,Levante,38,7,5,26,33,75,-42,26,0.68,,,,,,,Riga Mustapha - 8,Marco Storari,Relegated,2007-2008
1,Real Madrid,38,23,7,8,66,40,26,76,2.0,,,,,,,Ruud van Nistelrooy - 25,Iker Casillas,→ Champions League via league finish,2006-2007
2,Barcelona,38,22,10,6,78,33,45,76,2.0,,,,,,,Ronaldinho - 21,Víctor Valdés,→ Champions League via league finish,2006-2007
3,Sevilla,38,21,8,9,64,35,29,71,1.87,,,,,,,Frédéric Kanouté - 21,Andrés Palop,→ Champions League via league finish,2006-2007
4,Valencia,38,20,6,12,57,42,15,66,1.74,,,,,,,David Villa - 16,Santiago Cañizares,→ Champions League via league finish,2006-2007
5,Villarreal,38,18,8,12,48,44,4,62,1.63,,,,,,,Diego Forlán - 19,Sebastián Viera,→ UEFA Cup via league finish,2006-2007
6,Zaragoza,38,16,12,10,55,43,12,60,1.58,,,,,,,Diego Milito - 23,César Sánchez,→ UEFA Cup via league finish,2006-2007
7,Atlético Madrid,38,17,9,12,46,39,7,60,1.58,,,,,,,Fernando Torres - 15,Leo Franco,→ UEFA Intertoto Cup via league finish,2006-2007
8,Recreativo,38,15,9,14,54,52,2,54,1.42,,,,,,,Florent Sinama Pongolle - 12,Javier López Vallejo,,2006-2007
9,Getafe,38,14,10,14,39,33,6,52,1.37,,,,,,,Dani Güiza - 11,Pato Abbondanzieri,→ UEFA Cup via cup loss 1,2006-2007
10,Racing Sant,38,12,14,12,42,48,-6,50,1.32,,,,,,,Nikola Žigić - 11,Toño,,2006-2007
11,Espanyol,38,12,13,13,46,53,-7,49,1.29,,,,,,,Raúl Tamudo - 15,Carlos Kameni,,2006-2007
12,Mallorca,38,14,7,17,41,47,-6,49,1.29,,,,,,,"Boško Janković, Juan Arango - 9",Toni Prats,,2006-2007
13,La Coruña,38,12,11,15,32,45,-13,47,1.24,,,,,,,Javier Arizmendi - 5,Dudu Aouate,,2006-2007
14,Osasuna,38,13,7,18,51,49,2,46,1.21,,,,,,,Roberto Soldado - 11,Ricardo,,2006-2007
15,Levante,38,10,12,16,37,53,-16,42,1.11,,,,,,,Riga Mustapha - 9,José Molina,,2006-2007
16,Betis,38,8,16,14,36,49,-13,40,1.05,,,,,,,Robert - 9,Toni Doblas,,2006-2007
17,Athletic Club,38,10,10,18,44,62,-18,40,1.05,,,,,,,Aritz Aduriz - 9,Daniel Aranzubia,,2006-2007
18,Celta Vigo,38,10,9,19,40,59,-19,39,1.03,,,,,,,Fernando Baiano - 15,José Manuel Pinto,Relegated,2006-2007
19,Real Sociedad,38,8,11,19,32,47,-15,35,0.92,,,,,,,Sávio - 5,Claudio Bravo,Relegated,2006-2007
20,Gimnàstic,38,7,7,24,34,69,-35,28,0.74,,,,,,,Javier Portillo - 11,Albano Bizzarri,Relegated,2006-2007
1,Barcelona,38,25,7,6,80,35,45,82,2.16,,,,,,,Samuel Eto'o - 26,Víctor Valdés,→ Champions League via Champions League win,2005-2006
2,Real Madrid,38,20,10,8,70,40,30,70,1.84,,,,,,,Ronaldo - 14,Iker Casillas,→ Champions League via league finish,2005-2006
3,Valencia,38,19,12,7,58,33,25,69,1.82,,,,,,,David Villa - 25,Santiago Cañizares,→ Champions League via league finish,2005-2006
4,Osasuna,38,21,5,12,49,43,6,68,1.79,,,,,,,Savo Milošević - 11,Ricardo,→ Champions League via league finish,2005-2006
5,Sevilla,38,20,8,10,54,39,15,68,1.79,,,,,,,Javier Saviola - 9,Andrés Palop,→ UEFA Cup via league finish,2005-2006
6,Celta Vigo,38,20,4,14,45,33,12,64,1.68,,,,,,,Fernando Baiano - 13,José Manuel Pinto,→ UEFA Cup via league finish,2005-2006
7,Villarreal,38,14,15,9,50,39,11,57,1.5,,,,,,,Juan Román Riquelme - 12,Sebastián Viera,→ UEFA Intertoto Cup via league finish,2005-2006
8,La Coruña,38,15,10,13,47,45,2,55,1.45,,,,,,,Diego Tristán - 11,José Molina,,2005-2006
9,Getafe,38,15,9,14,54,49,5,54,1.42,,,,,,,"Veljko Paunović, Mariano Pernía - 10",Luis García,,2005-2006
10,Atlético Madrid,38,13,13,12,45,37,8,52,1.37,,,,,,,Fernando Torres - 13,Leo Franco,,2005-2006
11,Zaragoza,38,10,16,12,46,51,-5,46,1.21,,,,,,,Diego Milito - 15,César Sánchez,,2005-2006
12,Athletic Club,38,11,12,15,40,46,-6,45,1.18,,,,,,,Aritz Aduriz - 6,Iñaki Lafuente,,2005-2006
13,Mallorca,38,10,13,15,37,51,-14,43,1.13,,,,,,,Juan Arango - 11,Toni Prats,,2005-2006
14,Betis,38,10,12,16,34,51,-17,42,1.11,,,,,,,Robert - 7,Toni Doblas,,2005-2006
15,Espanyol,38,10,11,17,36,56,-20,41,1.08,,,,,,,"Luis García, Raúl Tamudo - 10",Gorka Iraizoz,→ UEFA Cup via cup win 1,2005-2006
16,Real Sociedad,38,11,7,20,48,65,-17,40,1.05,,,,,,,Xabi Prieto - 9,Asier Riesgo,,2005-2006
17,Racing Sant,38,9,13,16,36,49,-13,40,1.05,,,,,,,Antoñito - 9,Dudu Aouate,,2005-2006
18,Alavés,38,9,12,17,35,54,-19,39,1.03,,,,,,,John Aloisi - 10,Franco Costanzo,Relegated,2005-2006
19,Cádiz,38,8,12,18,36,52,-16,36,0.95,,,,,,,"Jonathan Sesma, Lucas Lobos - 7",Armando,Relegated,2005-2006
20,Málaga,38,5,9,24,36,68,-32,24,0.63,,,,,,,Salva Ballesta - 6,Francesc Arnau,Relegated,2005-2006
